Title,Image Ideas,Prompt
"""Storm Batters Gujarat Coast: Strong Winds & High Waves""

","Wind blowing on a beach, with waves crashing onto the shore.","Midjourney: Wind blowing on a beach, with waves crashing onto the shore, creating a mist in its wake A sunset, with the sky painted in vibrant oranges, pinks, and purples, illuminating the silhouettes of ancient structures in the distance A sense of peace and tranquility exuding from the scene, with a hint of nostalgia and mystery Cinematic style, using a wide-angle lens to capture the beauty of the landscape --stylize 1000 --ar 9:16 --v 5"
"""Storm Batters Gujarat Coast: Strong Winds & High Waves""

",View of a coastal town with tall trees being bent by the wind.,"Midjourney: A coastal town with tall trees being bent by the wind, captured in a photography style with natural light and long exposure, as the sun sets behind the horizon, emphasizing the serene and tranquil atmosphere --stylize 1000 --ar 9:16 --v 5"
"""Storm Batters Gujarat Coast: Strong Winds & High Waves""

",People walking in the rain with umbrellas.,"Midjourney: People walking in a futuristic city, amidst a rainstorm, carrying umbrellas that feature abstract designs while neon lights cast a surreal glow The atmosphere is one of determination and progress, with a hint of nostalgia for the past Style: Digital Illustration, rendered with V-Ray and Adobe Photoshop --stylize 1000 --ar 9:16 --v 5"
"""Storm Batters Gujarat Coast: Strong Winds & High Waves""

",Power poles bent and uprooted by the strong winds.,"[1] Power poles bent and uprooted by the strong winds      [2] Desolate and eerie landscape with power poles leaning at steep angles, twisted metal cables strewn across the ground, leaves and debris whirling in the air       [3] Dark, murky sky with billowing clouds and a light mist that's illuminated by a faint glimmer of the setting sun       [4] A sense of vulnerability and desolation, as if nature has taken back its power from mankind's machines       [5] Digital illustration       [6] Soft brush strokes that create a smooth 3D effect, with muted pastel colors to suggest a surreal atmosphere --stylize 1000 --ar 9:16 --v 5"
"""Storm Batters Gujarat Coast: Strong Winds & High Waves""

",Trees falling over and being swept away by the waves.,"Midjourney: A surreal dreamscape of a slow-motion tree falling over and being swept away by the waves of an ancient river, illuminated by a full moon and a distant aurora of stars This scene evokes a sense of peace and hope, amidst a backdrop of industrial ruins and a distant cityscape Rendered in a stylized watercolor style, with soft pastel hues and an emphasis on abstract forms to give the image a modern touch --stylize 1000 --ar 9:16 --v 5"
"""Storm Batters Gujarat Coast: Strong Winds & High Waves""

",Coastal structures being displaced by the storm.,"Midjourney: A storm-ravaged coastal structure with abstract forms, reflecting a blend of sadness and acceptance in the air, photographed with a telephoto lens at sunset --stylize 1000 --ar 9:16 --v 5"
