Title,Description,Hastags,Tags,Image Ideas,Script
" Uncovering the Eternal Youth: Ancient Texts Reveal the Secrets of Immortality 

"," Unlock the mysteries of ancient wisdom and explore the secrets to eternal youth with the Rig Veda, an ancient Indian text of knowledge. Discover how divine beings consumed amrita to stay young, healthy, and virile while learning about similar age-defying drinks, fruits, herbs, and medicines mentioned in texts of other civilizations. 

"," #RigVeda #AncientTexts #Amrita #EternalYouth #Immortality #SecretsOfTheGods 

"," rig veda, ancient texts, amrita, eternal youth, immortality, divine beings, secrets of the gods, age-defying drinks, fruits, herbs, medicines, civilizations 

","
1. A vibrant nebula in the background, with a silhouette of a divine being in the foreground holding a cup of amrita in their hands.
2. A cosmic landscape with a close-up of a ripe, glowing fruit, representing the age-defying fruits of ancient civilizations.
3. A close-up of an open book, with the words of the Rig Veda highlighted in the pages.
4. An intricate drawing of divine beings in a celestial landscape, surrounded by the symbols of eternal youth.
5. An array of colorful herbs, representing the age-defying medicines mentioned in ancient texts. 
6. An illuminated manuscript of the Rig Veda, with a glowing aura radiating from the text.

","
Hello everyone! Have you ever wondered if it?s possible to stay young and immortal? Well, surprisingly, our ancestors may have already found the answer to this age-old question.

The Rig Veda, an ancient Indian text of wisdom, talks about a divine drink called ?amrita? which was consumed by gods and goddesses to stay young. In fact, texts of many ancient civilisations around the world describe similar drinks, fruits, herbs and medicines to fight ageing and stay virile and healthy.

However, modern science has taken these stories a step further. Recent studies have found that certain antioxidants, probiotics and vitamins can help boost our bodies? natural ability to fight ageing and disease. Scientists have even found that certain substances can help extend our lifespans by up to 25%!

So, while the quest for eternal youth may still be a distant dream, modern science has shown us that it?s possible to make the most of the time we have. So, take care of your body, eat healthy, and stay young!"
